,index,週初め,週終わり,始値,終値,最高値,最安値,rsi,移動平均線,標準偏差,BB
0,1,,2010/2/12,1640.0,1800.0,1870.0,1620.0,0.0,,,
1,2,2010/2/15,2010/2/19,1820.0,1750.0,1850.0,1750.0,0.0,,,
2,3,2010/2/22,2010/2/26,1760.0,1740.0,1820.0,1730.0,0.0,,,
3,4,2010/3/1,2010/3/5,1730.0,1800.0,1810.0,1720.0,0.0,,,
4,5,2010/3/8,2010/3/12,1840.0,1820.0,1930.0,1800.0,0.0,,,
5,6,2010/3/15,2010/3/19,1830.0,1880.0,1920.0,1810.0,0.0,,,
6,7,2010/3/23,2010/3/26,1900.0,1900.0,1980.0,1870.0,0.0,,,
7,8,2010/3/29,2010/4/2,1870.0,1880.0,1920.0,1860.0,0.0,,,
8,9,2010/4/5,2010/4/9,1890.0,1940.0,1960.0,1890.0,0.0,,,
9,10,2010/4/12,2010/4/16,1960.0,2020.0,2100.0,1910.0,0.0,,,
10,11,2010/4/19,2010/4/23,1970.0,2040.0,2130.0,1940.0,0.0,,,
11,12,2010/4/26,2010/4/30,2060.0,2020.0,2100.0,2010.0,0.0,,,
12,13,2010/5/6,2010/5/7,1950.0,1860.0,1970.0,1830.0,0.0,,,
13,14,2010/5/10,2010/5/14,1860.0,1780.0,2000.0,1730.0,0.0,,,
14,15,2010/5/17,2010/5/21,1780.0,1640.0,1780.0,1610.0,40.0,,,
15,16,2010/5/24,2010/5/28,1640.0,1530.0,1640.0,1500.0,37.2093023255814,,,
16,17,2010/5/31,2010/6/4,1530.0,1600.0,1620.0,1530.0,42.391304347826086,,,
17,18,2010/6/7,2010/6/11,1550.0,1530.0,1560.0,1440.0,35.483870967741936,,,
18,19,2010/6/14,2010/6/18,1530.0,1520.0,1550.0,1480.0,33.69565217391305,,,
19,20,2010/6/21,2010/6/25,1520.0,1470.0,1540.0,1460.0,27.47252747252747,1776.0,172.40649639732248,2120.8129927946447
20,21,2010/6/28,2010/7/2,1450.0,1350.0,1460.0,1310.0,22.77227722772277,1753.5,195.60866545222365,2144.7173309044474
21,22,2010/7/5,2010/7/9,1380.0,1400.0,1420.0,1370.0,26.923076923076923,1736.0,210.24747323095215,2156.4949464619044
22,23,2010/7/12,2010/7/16,1430.0,1380.0,1440.0,1350.0,22.0,1718.0,224.08926792686867,2166.1785358537372
23,24,2010/7/20,2010/7/23,1350.0,1330.0,1380.0,1310.0,14.43298969072165,1694.5,238.44234103866685,2171.3846820773338
24,25,2010/7/26,2010/7/30,1360.0,1360.0,1390.0,1340.0,15.306122448979592,1671.5,247.25037917058873,2166.0007583411775
25,26,2010/8/2,2010/8/6,1370.0,1390.0,1390.0,1320.0,18.181818181818183,1647.0,249.6417433042797,2146.2834866085595
26,27,2010/8/9,2010/8/13,1360.0,1340.0,1440.0,1300.0,20.454545454545453,1619.0,251.09559932424114,2121.1911986484824
27,28,2010/8/16,2010/8/20,1330.0,1360.0,1370.0,1330.0,24.390243902439025,1593.0,249.64174330427963,2092.283486608559
28,29,2010/8/23,2010/8/27,1350.0,1360.0,1370.0,1320.0,29.41176470588235,1564.0,241.1928688829747,2046.3857377659494
29,30,2010/8/30,2010/9/3,1380.0,1340.0,1380.0,1310.0,33.898305084745765,1530.0,221.65288177688964,1973.3057635537793
30,31,2010/9/6,2010/9/10,1340.0,1360.0,1390.0,1330.0,27.77777777777778,1496.0,190.8245267254705,1877.649053450941
31,32,2010/9/13,2010/9/17,1370.0,1360.0,1390.0,1350.0,31.914893617021278,1463.0,150.06998367428375,1763.1399673485676
32,33,2010/9/21,2010/9/24,1380.0,1370.0,1410.0,1350.0,34.04255319148936,1438.5,120.30274311086917,1679.1054862217384
33,34,2010/9/27,2010/10/1,1380.0,1360.0,1410.0,1350.0,37.2093023255814,1417.5,92.2428859045497,1601.9857718090993
34,35,2010/10/4,2010/10/8,1370.0,1310.0,1370.0,1270.0,44.44444444444444,1401.0,79.61783719745071,1560.2356743949015
35,36,2010/10/12,2010/10/15,1310.0,1260.0,1320.0,1250.0,30.555555555555557,1387.5,79.49056547792173,1546.4811309558436
36,37,2010/10/18,2010/10/22,1270.0,1250.0,1290.0,1240.0,31.428571428571427,1370.0,68.55654600400865,1507.1130920080172
37,38,2010/10/25,2010/10/29,1270.0,1240.0,1270.0,1200.0,35.483870967741936,1355.5,63.67691889530892,1482.853837790618
38,39,2010/11/1,2010/11/5,1210.0,1290.0,1290.0,1210.0,39.39393939393939,1344.0,52.76362383308927,1449.5272476661785
39,40,2010/11/8,2010/11/12,1290.0,1250.0,1310.0,1250.0,29.41176470588235,1333.0,48.07286136688498,1429.14572273377
40,41,2010/11/15,2010/11/19,1250.0,1320.0,1350.0,1250.0,47.22222222222222,1331.5,47.98697740012119,1427.4739548002424
41,42,2010/11/22,2010/11/26,1350.0,1340.0,1370.0,1330.0,47.22222222222222,1328.5,45.41750763747105,1419.3350152749422
42,43,2010/11/29,2010/12/3,1350.0,1360.0,1370.0,1310.0,50.0,1327.5,44.48314287457374,1416.4662857491476
43,44,2010/12/6,2010/12/10,1360.0,1420.0,1480.0,1340.0,59.523809523809526,1332.0,48.84669896727661,1429.693397934553
44,45,2010/12/13,2010/12/17,1410.0,1520.0,1540.0,1410.0,66.0,1340.0,63.63961030678727,1467.2792206135746
45,46,2010/12/20,2010/12/24,1520.0,1440.0,1520.0,1440.0,56.89655172413793,1342.5,66.47367900153974,1475.4473580030794
46,47,2010/12/27,2010/12/30,1450.0,1450.0,1470.0,1420.0,56.89655172413793,1348.0,70.46985170978968,1488.9397034195795
47,48,2011/1/4,2011/1/7,1470.0,1510.0,1530.0,1470.0,61.904761904761905,1355.5,78.83368569336176,1513.1673713867235
48,49,2011/1/11,2011/1/14,1510.0,1550.0,1610.0,1510.0,69.35483870967742,1365.0,89.52653238007018,1544.0530647601404
49,50,2011/1/17,2011/1/21,1560.0,1530.0,1630.0,1520.0,72.88135593220339,1374.5,96.20161121311719,1566.9032224262344
50,51,2011/1/24,2011/1/28,1520.0,1520.0,1560.0,1510.0,72.88135593220339,1382.5,101.18670861333399,1584.873417226668
51,52,2011/1/31,2011/2/4,1500.0,1530.0,1550.0,1480.0,74.57627118644068,1391.0,105.96697598780369,1602.9339519756074
52,53,2011/2/7,2011/2/10,1550.0,1490.0,1570.0,1460.0,67.24137931034483,1397.0,107.98611021793388,1612.9722204358677
53,54,2011/2/14,2011/2/18,1500.0,1540.0,1540.0,1500.0,74.57627118644068,1406.0,111.95534824205482,1629.9106964841096
54,55,2011/2/21,2011/2/25,1520.0,1450.0,1530.0,1430.0,60.65573770491803,1413.0,110.09541316512588,1633.1908263302516
55,56,2011/2/28,2011/3/4,1460.0,1860.0,1950.0,1450.0,76.0,1443.0,141.56623891309602,1726.132477826192
56,57,2011/3/7,2011/3/11,1860.0,1690.0,1900.0,1660.0,64.34782608695652,1465.0,144.03124660989292,1753.062493219786
57,58,2011/3/14,2011/3/18,1770.0,1570.0,1810.0,1130.0,56.19834710743802,1481.5,135.98805094566137,1753.4761018913227
58,59,2011/3/22,2011/3/25,1700.0,2170.0,2350.0,1660.0,69.00584795321637,1525.5,196.02232015767953,1917.5446403153592
59,60,2011/3/28,2011/4/1,2150.0,2150.0,2330.0,2050.0,71.51515151515152,1570.5,228.26464903703297,2027.029298074066
60,61,2011/4/4,2011/4/8,2180.0,2000.0,2220.0,1900.0,65.36312849162012,1604.5,238.81949250427581,2082.1389850085516
61,62,2011/4/11,2011/4/15,1970.0,2120.0,2180.0,1960.0,66.48648648648648,1643.5,255.54402751776428,2154.5880550355287
62,63,2011/4/18,2011/4/22,2140.0,1970.0,2180.0,1960.0,60.714285714285715,1674.0,256.28889948649726,2186.5777989729945
63,64,2011/4/25,2011/4/28,2000.0,1910.0,2020.0,1870.0,59.5,1698.5,254.2493854466514,2206.9987708933027
64,65,2011/5/2,2011/5/6,1920.0,1910.0,1940.0,1890.0,59.79899497487437,1718.0,254.76655981505877,2227.5331196301177
65,66,2011/5/9,2011/5/13,1940.0,1880.0,2110.0,1850.0,58.70646766169154,1740.0,248.7368086954561,2237.4736173909123
66,67,2011/5/16,2011/5/20,1840.0,1820.0,1900.0,1780.0,58.12807881773399,1758.5,240.0890459808609,2238.6780919617217
67,68,2011/5/23,2011/5/27,1820.0,1770.0,1860.0,1700.0,55.66502463054187,1771.5,233.22253321666832,2237.9450664333367
68,69,2011/5/30,2011/6/3,1750.0,1860.0,1920.0,1750.0,60.09852216748769,1787.0,228.23452850083828,2243.4690570016764
69,70,2011/6/6,2011/6/10,1860.0,1920.0,1960.0,1770.0,51.785714285714285,1806.5,222.01970633256855,2250.539412665137
70,71,2011/6/13,2011/6/17,1920.0,1940.0,2090.0,1880.0,58.169934640522875,1827.5,213.63227752378617,2254.7645550475722
71,72,2011/6/20,2011/6/24,1920.0,1970.0,2040.0,1920.0,63.888888888888886,1849.5,204.3153200325419,2258.1306400650838
72,73,2011/6/27,2011/7/1,1980.0,1980.0,2060.0,1950.0,38.8235294117647,1874.0,188.5046418526611,2251.009283705322
73,74,2011/7/4,2011/7/8,2010.0,2110.0,2120.0,1980.0,47.916666666666664,1902.5,178.68617741728107,2259.872354834562
74,75,2011/7/11,2011/7/15,2090.0,2130.0,2140.0,2030.0,57.83132530120482,1936.5,152.061665123068,2240.623330246136
75,76,2011/7/19,2011/7/22,2120.0,2100.0,2160.0,2050.0,48.648648648648646,1948.5,154.99274176554232,2258.485483531085
76,77,2011/7/25,2011/7/29,2070.0,1990.0,2110.0,1980.0,51.42857142857143,1963.5,143.3274223587381,2250.1548447174764
77,78,2011/8/1,2011/8/5,1990.0,1840.0,2040.0,1810.0,45.56962025316456,1977.0,115.67627241573834,2208.3525448314767
78,79,2011/8/8,2011/8/12,1810.0,1640.0,1840.0,1550.0,36.36363636363637,1950.5,128.43188856354985,2207.3637771270996
79,80,2011/8/15,2011/8/19,1680.0,1600.0,1700.0,1580.0,36.0,1923.0,141.03545653487305,2205.070913069746
80,81,2011/8/22,2011/8/26,1610.0,1670.0,1670.0,1540.0,42.57425742574257,1906.5,150.07581417403688,2206.6516283480737
81,82,2011/8/29,2011/9/2,1660.0,1710.0,1770.0,1650.0,47.0,1886.0,147.49237268414944,2180.9847453682987
82,83,2011/9/5,2011/9/9,1700.0,1630.0,1700.0,1620.0,38.38383838383838,1869.0,156.1697794069007,2181.3395588138014
83,84,2011/9/12,2011/9/16,1600.0,1630.0,1670.0,1570.0,34.40860215053763,1855.0,164.21023110634738,2183.420462212695
84,85,2011/9/20,2011/9/22,1600.0,1530.0,1610.0,1500.0,29.702970297029704,1836.0,178.14039407164228,2192.2807881432846
85,86,2011/9/26,2011/9/30,1540.0,1560.0,1590.0,1390.0,29.702970297029704,1820.0,187.58997841036177,2195.1799568207234
86,87,2011/10/3,2011/10/7,1510.0,1420.0,1520.0,1410.0,25.43859649122807,1800.0,206.85743883167456,2213.714877663349
87,88,2011/10/11,2011/10/14,1470.0,1490.0,1540.0,1440.0,21.296296296296298,1786.0,217.60974242896378,2221.2194848579275
88,89,2011/10/17,2011/10/21,1500.0,1430.0,1530.0,1430.0,18.75,1764.5,230.11899095902527,2224.7379819180505
89,90,2011/10/24,2011/10/28,1430.0,1460.0,1520.0,1410.0,21.428571428571427,1741.5,236.3318641233127,2214.1637282466254
90,91,2011/10/31,2011/11/4,1460.0,1420.0,1490.0,1410.0,22.857142857142858,1715.5,241.60867120200783,2198.7173424040157
91,92,2011/11/7,2011/11/11,1430.0,1370.0,1470.0,1340.0,25.263157894736842,1685.5,245.36656251412884,2176.2331250282577
92,93,2011/11/14,2011/11/18,1380.0,1330.0,1420.0,1310.0,30.379746835443036,1653.0,247.24684022247862,2147.493680444957
93,94,2011/11/21,2011/11/25,1320.0,1310.0,1340.0,1280.0,31.16883116883117,1613.0,234.45895163119673,2081.9179032623933
94,95,2011/11/28,2011/12/2,1330.0,1530.0,1540.0,1310.0,42.391304347826086,1583.0,202.6104636982005,1988.220927396401
95,96,2011/12/5,2011/12/9,1560.0,1540.0,1590.0,1490.0,40.449438202247194,1555.0,164.30155203162207,1883.6031040632442
96,97,2011/12/12,2011/12/16,1550.0,1450.0,1550.0,1450.0,40.0,1528.0,131.7421724429949,1791.4843448859897
97,98,2011/12/19,2011/12/22,1440.0,1420.0,1480.0,1410.0,38.70967741935484,1507.0,112.38772174930764,1731.7754434986152
98,99,2011/12/26,2011/12/30,1430.0,1400.0,1440.0,1380.0,42.35294117647059,1495.0,110.34038245356861,1715.6807649071372
99,100,2012/1/4,2012/1/6,1420.0,1410.0,1460.0,1400.0,40.963855421686745,1485.5,109.06305515617922,1703.6261103123584
100,101,2012/1/10,2012/1/13,1410.0,1580.0,1680.0,1390.0,59.30232558139535,1481.0,103.04853225543675,1687.0970645108735
101,102,2012/1/16,2012/1/20,1580.0,1660.0,1700.0,1540.0,59.770114942528735,1478.5,97.94258522215853,1674.385170444317
102,103,2012/1/23,2012/1/27,1670.0,1740.0,1840.0,1670.0,67.41573033707866,1484.0,108.78419002777835,1701.5683800555566
103,104,2012/1/30,2012/2/3,1710.0,1750.0,1840.0,1680.0,66.66666666666667,1490.0,119.45710527214274,1728.9142105442854
104,105,2012/2/6,2012/2/10,1770.0,1740.0,1820.0,1720.0,69.04761904761905,1500.5,131.1668784411667,1762.8337568823333
105,106,2012/2/13,2012/2/17,1730.0,1800.0,1820.0,1730.0,75.29411764705883,1512.5,146.1805390604365,1804.8610781208731
106,107,2012/2/20,2012/2/24,1850.0,1900.0,1940.0,1800.0,81.31868131868131,1536.5,166.9513402162433,1870.4026804324867
107,108,2012/2/27,2012/3/2,1920.0,1890.0,1960.0,1850.0,82.22222222222223,1556.5,183.33780297581788,1923.1756059516358
108,109,2012/3/5,2012/3/9,1870.0,1900.0,1900.0,1820.0,76.81159420289855,1580.0,195.34584715319602,1970.691694306392
109,110,2012/3/12,2012/3/16,1920.0,1880.0,1960.0,1860.0,74.28571428571429,1601.0,203.7130334563791,2008.4260669127582
110,111,2012/3/19,2012/3/23,1880.0,1860.0,1900.0,1850.0,82.53968253968254,1623.0,206.71477934584127,2036.4295586916826
111,112,2012/3/26,2012/3/30,1860.0,1830.0,1910.0,1800.0,82.53968253968254,1646.0,202.8398382961292,2051.679676592258
112,113,2012/4/2,2012/4/6,1820.0,1730.0,1840.0,1690.0,73.2394366197183,1666.0,190.01052602421757,2046.0210520484352
113,114,2012/4/9,2012/4/13,1710.0,1870.0,1880.0,1670.0,77.38095238095238,1694.0,176.24982269494595,2046.4996453898918
114,115,2012/4/16,2012/4/20,1840.0,1860.0,1910.0,1820.0,70.58823529411765,1710.5,175.56978669463575,2061.6395733892714
115,116,2012/4/23,2012/4/27,1850.0,1820.0,1900.0,1810.0,62.5,1724.5,172.55361485636834,2069.6072297127366
116,117,2012/5/1,2012/5/2,1830.0,1830.0,1850.0,1820.0,57.89473684210526,1743.5,161.87263511786023,2067.2452702357205
117,118,2012/5/7,2012/5/11,1800.0,1680.0,1810.0,1630.0,45.070422535211264,1756.5,144.92325555272325,2046.3465111054466
118,119,2012/5/14,2012/5/18,1720.0,1540.0,1740.0,1510.0,38.095238095238095,1763.5,130.16431922765906,2023.828638455318
119,120,2012/5/21,2012/5/25,1490.0,1480.0,1570.0,1480.0,30.952380952380953,1767.0,121.24768039018288,2009.4953607803657
120,121,2012/5/28,2012/6/1,1460.0,1500.0,1600.0,1430.0,23.68421052631579,1763.0,128.45621822239644,2019.912436444793
121,122,2012/6/4,2012/6/8,1450.0,1470.0,1550.0,1430.0,23.076923076923077,1753.5,142.0308065174592,2037.5616130349185
122,123,2012/6/11,2012/6/15,1520.0,1490.0,1530.0,1480.0,24.050632911392405,1741.0,153.2285874110961,2047.4571748221922
123,124,2012/6/18,2012/6/22,1540.0,1610.0,1610.0,1520.0,34.831460674157306,1734.0,155.83324420674785,2045.6664884134957
124,125,2012/6/25,2012/6/29,1580.0,1650.0,1660.0,1560.0,38.46153846153846,1729.5,156.89088564986787,2043.2817712997357
125,126,2012/7/2,2012/7/6,1680.0,1750.0,1810.0,1640.0,45.91836734693877,1727.0,156.14416415607695,2039.288328312154
126,127,2012/7/9,2012/7/13,1750.0,1710.0,1790.0,1680.0,48.91304347826087,1717.5,151.02566007139285,2019.5513201427857
127,128,2012/7/17,2012/7/20,1710.0,1700.0,1770.0,1700.0,39.24050632911393,1708.0,145.76007683861826,1999.5201536772365
128,129,2012/7/23,2012/7/27,1680.0,1750.0,1750.0,1580.0,43.373493975903614,1700.5,139.40857218980435,1979.3171443796086
129,130,2012/7/30,2012/8/3,1770.0,1770.0,1790.0,1730.0,46.91358024691358,1695.0,134.29445260322515,1963.5889052064504
130,131,2012/8/6,2012/8/10,1780.0,1770.0,1850.0,1760.0,46.25,1690.5,130.13358521150445,1950.7671704230088
131,132,2012/8/13,2012/8/17,1770.0,1770.0,1820.0,1740.0,56.92307692307692,1687.5,127.54901018824052,1942.5980203764811
132,133,2012/8/20,2012/8/24,1780.0,1800.0,1810.0,1730.0,74.07407407407408,1691.0,129.61095632700147,1950.221912654003
133,134,2012/8/27,2012/8/31,1810.0,1650.0,1820.0,1650.0,63.492063492063494,1680.0,123.12595177297058,1926.251903545941
134,135,2012/9/3,2012/9/7,1660.0,1610.0,1670.0,1570.0,58.46153846153846,1667.5,116.74223742930349,1900.984474858607
135,136,2012/9/10,2012/9/14,1610.0,1660.0,1660.0,1560.0,64.17910447761194,1659.5,111.37661334409421,1882.2532266881885
136,137,2012/9/18,2012/9/21,1700.0,1640.0,1720.0,1640.0,61.19402985074627,1650.0,104.30723848324169,1858.6144769664834
137,138,2012/9/24,2012/9/28,1630.0,1600.0,1640.0,1580.0,49.152542372881356,1646.0,104.61357464497546,1855.2271492899508
138,139,2012/10/1,2012/10/5,1600.0,1520.0,1600.0,1480.0,39.682539682539684,1645.0,105.71187255932917,1856.4237451186584
139,140,2012/10/9,2012/10/12,1510.0,1470.0,1510.0,1470.0,25.862068965517242,1644.5,106.51173644251534,1857.5234728850307
140,141,2012/10/15,2012/10/19,1470.0,1580.0,1590.0,1470.0,40.0,1648.5,102.43412517320512,1853.3682503464102
141,142,2012/10/22,2012/10/26,1560.0,1580.0,1580.0,1540.0,40.625,1654.0,95.41488353501175,1844.8297670700235
142,143,2012/10/29,2012/11/2,1580.0,1670.0,1670.0,1540.0,44.11764705882353,1663.0,87.6983466206739,1838.3966932413477
143,144,2012/11/5,2012/11/9,1670.0,1790.0,1870.0,1620.0,51.282051282051285,1672.0,90.97252332435257,1853.945046648705
144,145,2012/11/12,2012/11/16,1790.0,1770.0,1790.0,1670.0,50.0,1678.0,93.25234581499747,1864.504691629995
145,146,2012/11/20,2012/11/22,1780.0,1800.0,1800.0,1770.0,51.80722891566265,1680.5,95.78491530507232,1872.0698306101447
146,147,2012/11/26,2012/11/30,1800.0,1770.0,1820.0,1760.0,48.19277108433735,1683.5,97.58457869970992,1878.6691573994199
147,148,2012/12/3,2012/12/7,1780.0,1860.0,1860.0,1770.0,63.63636363636363,1691.5,104.89399410833724,1901.2879882166744
148,149,2012/12/10,2012/12/14,1860.0,1810.0,1870.0,1780.0,62.82051282051282,1694.5,107.35338839552243,1909.2067767910448
149,150,2012/12/17,2012/12/21,1810.0,1770.0,1840.0,1770.0,57.142857142857146,1694.5,107.35338839552243,1909.2067767910448
150,151,2012/12/25,2012/12/28,1780.0,1780.0,1810.0,1770.0,59.21052631578947,1695.0,107.72650555921643,1910.4530111184329
151,152,2013/1/4,2013/1/4,1820.0,1800.0,1820.0,1790.0,63.513513513513516,1696.5,108.96214939142808,1914.424298782856
152,153,2013/1/7,2013/1/11,1820.0,2040.0,2110.0,1800.0,78.88888888888889,1708.5,130.739244299483,1969.9784885989661
153,154,2013/1/15,2013/1/18,2040.0,1950.0,2070.0,1890.0,75.53191489361703,1723.5,140.04552831133137,2003.5910566226628
154,155,2013/1/21,2013/1/25,1970.0,1940.0,1990.0,1900.0,71.42857142857143,1740.0,145.0517149157497,2030.1034298314994
155,156,2013/1/28,2013/2/1,1950.0,1940.0,2000.0,1910.0,71.42857142857143,1754.0,150.07997867803664,2054.1599573560734
156,157,2013/2/4,2013/2/8,2020.0,2240.0,2450.0,1990.0,77.14285714285714,1784.0,181.0635247641003,2146.1270495282006
157,158,2013/2/12,2013/2/15,2240.0,2260.0,2370.0,2060.0,74.73684210526316,1817.0,203.30027053597343,2223.6005410719467
158,159,2013/2/18,2013/2/22,2340.0,2860.0,2880.0,2270.0,85.62091503267973,1884.0,294.65912509202906,2473.3182501840583
159,160,2013/2/25,2013/3/1,2890.0,2740.0,2970.0,2700.0,79.01234567901234,1947.5,332.95457648153763,2613.409152963075
160,161,2013/3/4,2013/3/8,2840.0,3600.0,3710.0,2770.0,87.34693877551021,2048.5,480.0445291845332,3008.589058369066
161,162,2013/3/11,2013/3/15,3600.0,3630.0,4260.0,3480.0,87.02928870292887,2151.0,577.9437688910575,3306.887537782115
162,163,2013/3/18,2013/3/22,3560.0,3530.0,3830.0,3430.0,85.24590163934427,2244.0,639.4403803326782,3522.8807606653563
163,164,2013/3/25,2013/3/29,3540.0,3460.0,3780.0,3400.0,84.21052631578948,2327.5,682.304001160773,3692.1080023215463
164,165,2013/4/1,2013/4/5,3400.0,3170.0,3410.0,3010.0,75.27272727272727,2397.5,693.2450865314519,3783.9901730629035
165,166,2013/4/8,2013/4/12,3240.0,3360.0,3450.0,3170.0,76.71232876712328,2475.5,709.2071277137591,3893.914255427518
166,167,2013/4/15,2013/4/19,3330.0,3100.0,3350.0,3080.0,68.02721088435374,2542.0,702.257787425672,3946.515574851344
167,168,2013/4/22,2013/4/26,3140.0,3310.0,3590.0,3140.0,72.22222222222223,2614.5,702.9543015018829,4020.408603003766
168,169,2013/4/30,2013/5/2,3390.0,3440.0,3540.0,3300.0,73.58490566037736,2696.0,699.4383461035005,4094.876692207001
169,170,2013/5/7,2013/5/10,3520.0,3320.0,3530.0,3300.0,70.9090909090909,2773.5,678.0875680913198,4129.675136182639
170,171,2013/5/13,2013/5/17,3240.0,3500.0,3580.0,3180.0,69.81132075471699,2859.5,655.3203415124547,4170.140683024909
171,172,2013/5/20,2013/5/24,3780.0,3290.0,4040.0,3150.0,65.28189910979229,2934.0,614.0309438456666,4162.061887691333
172,173,2013/5/27,2013/5/31,3190.0,3080.0,3340.0,3080.0,53.691275167785236,2986.0,579.166642685851,4144.333285371702
173,174,2013/6/3,2013/6/7,3000.0,2560.0,3150.0,2480.0,47.337278106508876,3016.5,538.4354650280758,4093.3709300561513
174,175,2013/6/10,2013/6/14,2720.0,2590.0,2830.0,2580.0,30.19607843137255,3049.0,489.907134057058,4028.814268114116
175,176,2013/6/17,2013/6/21,2580.0,2450.0,2790.0,2430.0,27.81954887218045,3074.5,442.4983050814999,3959.496610163
176,177,2013/6/24,2013/6/28,2460.0,2480.0,2600.0,2270.0,29.72972972972973,3086.5,422.5076922376682,3931.5153844753363
177,178,2013/7/1,2013/7/5,2520.0,2820.0,2850.0,2500.0,38.81118881118881,3114.5,383.56844239327114,3881.6368847865424
178,179,2013/7/8,2013/7/12,2880.0,2860.0,2900.0,2760.0,44.06130268199234,3114.5,383.56844239327114,3881.6368847865424
179,180,2013/7/16,2013/7/19,2870.0,2730.0,2900.0,2700.0,37.64705882352941,3114.0,384.06249491456487,3882.12498982913
180,181,2013/7/22,2013/7/26,2770.0,2560.0,2770.0,2550.0,39.02439024390244,3062.0,385.1441288660651,3832.28825773213
181,182,2013/7/29,2013/8/2,2490.0,2610.0,2610.0,2420.0,34.78260869565217,3011.0,373.9237890265878,3758.8475780531758
182,183,2013/8/5,2013/8/9,2590.0,2730.0,2780.0,2470.0,34.49781659388646,2971.0,358.7464285536515,3688.4928571073033
183,184,2013/8/12,2013/8/16,2680.0,2770.0,2900.0,2650.0,37.55656108597285,2936.5,342.8888303809271,3622.2776607618543
184,185,2013/8/19,2013/8/23,2800.0,2730.0,2850.0,2610.0,31.40096618357488,2914.5,341.31327252247337,3597.126545044947
185,186,2013/8/26,2013/8/30,2750.0,2630.0,2750.0,2570.0,33.16326530612245,2878.0,330.5843311471374,3539.168662294275
186,187,2013/9/2,2013/9/6,2620.0,2650.0,2760.0,2600.0,37.85310734463277,2855.5,330.02234772815035,3515.544695456301
187,188,2013/9/9,2013/9/13,2740.0,2880.0,2950.0,2690.0,60.810810810810814,2834.0,313.2953877732645,3460.590775546529
188,189,2013/9/17,2013/9/20,2910.0,2890.0,2960.0,2870.0,60.273972602739725,2806.5,281.4120644179993,3369.3241288359986
189,190,2013/9/24,2013/9/27,2940.0,2990.0,3230.0,2920.0,69.01408450704226,2790.0,259.6536154186962,3309.307230837392
190,191,2013/9/30,2013/10/4,2930.0,2740.0,2990.0,2700.0,57.926829268292686,2752.0,202.22759455623307,3156.455189112466
191,192,2013/10/7,2013/10/11,2760.0,2910.0,2930.0,2620.0,53.06122448979592,2733.0,165.2604005804179,3063.5208011608356
192,193,2013/10/15,2013/10/18,2930.0,2970.0,3030.0,2830.0,53.691275167785236,2727.5,155.14106484100265,3037.7821296820052
193,194,2013/10/21,2013/10/25,2960.0,2910.0,3050.0,2880.0,56.33802816901409,2745.0,155.0000000000006,3055.0000000000014
194,195,2013/10/28,2013/11/1,2940.0,2780.0,2970.0,2730.0,57.971014492753625,2754.5,150.97930321736217,3056.4586064347245
195,196,2013/11/5,2013/11/8,2830.0,2920.0,3080.0,2790.0,60.54421768707483,2778.0,137.75340286178118,3053.506805723562
196,197,2013/11/11,2013/11/15,2980.0,2960.0,2990.0,2810.0,58.273381294964025,2802.0,124.96399481450722,3051.9279896290145
197,198,2013/11/18,2013/11/22,3020.0,2920.0,3020.0,2850.0,55.39568345323741,2807.0,127.55783002230865,3062.1156600446175
198,199,2013/11/25,2013/11/29,2940.0,3040.0,3140.0,2900.0,60.54421768707483,2816.0,136.98175060934278,3089.9635012186855
199,200,2013/12/02,2013/12/06,3060.0,2990.0,3170.0,2950.0,62.67605633802817,2829.0,140.4955515310011,3109.9911030620024
200,201,2013/12/09,2013/12/13,3050.0,2960.0,3090.0,2950.0,60.83916083916084,2849.0,128.75946567146116,3106.5189313429223
201,202,2013/12/16,2013/12/20,2950.0,2840.0,2970.0,2830.0,48.484848484848484,2860.5,116.59652653488519,3093.6930530697705
202,203,2013/12/24,2013/12/27,2830.0,2960.0,2970.0,2780.0,52.44755244755245,2872.0,114.48143954371025,3100.9628790874203
203,204,2013/12/30,2013/12/30,2950.0,2950.0,2960.0,2920.0,48.507462686567166,2881.0,113.17685275709069,3107.3537055141815
204,205,2014/01/06,2014/01/10,2940.0,3080.0,3130.0,2930.0,63.9344262295082,2898.5,115.51082200382865,3129.5216440076574
205,206,2014/01/14,2014/01/17,3010.0,3270.0,3300.0,2980.0,64.51612903225806,2930.5,124.95899327379436,3180.417986547589
206,207,2014/01/20,2014/01/24,3300.0,3070.0,3310.0,3020.0,53.6231884057971,2951.5,110.51131163822184,3172.5226232764435
207,208,2014/01/27,2014/01/31,2950.0,2850.0,3010.0,2820.0,48.05194805194805,2950.0,111.66915420114987,3173.3383084023
208,209,2014/02/03,2014/02/07,2820.0,2750.0,2830.0,2550.0,49.00662251655629,2943.0,119.33566105737289,3181.6713221147456
209,210,2014/02/10,2014/02/14,2820.0,2990.0,3000.0,2750.0,52.17391304347826,2943.0,119.33566105737289,3181.6713221147456
210,211,2014/02/17,2014/02/21,2980.0,2910.0,2990.0,2850.0,48.484848484848484,2951.5,110.28485843487394,3172.069716869748
211,212,2014/02/24,2014/02/28,2900.0,2830.0,2950.0,2800.0,47.337278106508876,2947.5,113.1315605832439,3173.763121166488
212,213,2014/03/03,2014/03/07,2770.0,2830.0,2870.0,2710.0,43.31210191082803,2940.5,115.82206180171455,3172.1441236034293
213,214,2014/03/10,2014/03/14,2800.0,2580.0,2830.0,2570.0,38.4180790960452,2924.0,139.97856978837933,3203.957139576759
214,215,2014/03/17,2014/03/20,2560.0,2440.0,2600.0,2430.0,36.170212765957444,2907.0,173.15022379425383,3253.3004475885077
215,216,2014/03/24,2014/03/28,2430.0,2520.0,2540.0,2430.0,41.30434782608695,2887.0,192.5123372669923,3272.0246745339846
216,217,2014/03/31,2014/04/04,2570.0,2550.0,2680.0,2550.0,38.285714285714285,2866.5,205.06767175739864,3276.635343514797
217,218,2014/04/07,2014/04/11,2530.0,2380.0,2550.0,2330.0,35.07853403141361,2839.5,230.24932138879407,3299.998642777588
218,219,2014/04/14,2014/04/18,2360.0,2460.0,2470.0,2360.0,33.333333333333336,2810.5,239.509394387778,3289.518788775556
219,220,2014/04/21,2014/04/25,2460.0,2510.0,2510.0,2430.0,27.906976744186046,2786.5,244.32099786960634,3275.1419957392127
220,221,2014/04/28,2014/05/02,2490.0,2470.0,2490.0,2430.0,30.76923076923077,2762.0,250.1919263285692,3262.3838526571385
221,222,2014/05/07,2014/05/09,2450.0,2410.0,2450.0,2380.0,34.285714285714285,2740.5,260.8155478494336,3262.1310956988673
222,223,2014/05/12,2014/05/16,2430.0,2470.0,2520.0,2370.0,39.705882352941174,2716.0,262.05724565445655,3240.114491308913
223,224,2014/05/19,2014/05/23,2460.0,2450.0,2470.0,2380.0,26.31578947368421,2691.0,262.39092972128475,3215.7818594425694
224,225,2014/05/26,2014/05/30,2460.0,2510.0,2530.0,2460.0,32.142857142857146,2662.5,249.21627153940048,3160.932543078801
225,226,2014/06/02,2014/06/06,2540.0,2650.0,2680.0,2520.0,42.3728813559322,2631.5,206.64643718196592,3044.792874363932
226,227,2014/06/09,2014/06/13,2650.0,2630.0,2710.0,2580.0,41.666666666666664,2609.5,180.56785428198503,2970.63570856397
227,228,2014/06/16,2014/06/20,2630.0,2630.0,2690.0,2600.0,52.63157894736842,2598.5,172.08355528637878,2942.6671105727573
228,229,2014/06/23,2014/06/27,2660.0,2570.0,2670.0,2570.0,57.47126436781609,2589.5,168.59641158696166,2926.6928231739234
229,230,2014/06/30,2014/07/04,2570.0,2650.0,2650.0,2560.0,57.47126436781609,2572.5,142.47368178018067,2857.4473635603613
230,231,2014/07/07,2014/07/11,2670.0,2580.0,2750.0,2560.0,51.64835164835165,2556.0,119.72468417164518,2795.44936834329
231,232,2014/07/14,2014/07/18,2600.0,2560.0,2660.0,2530.0,61.8421052631579,2542.5,101.97426145846894,2746.4485229169377
232,233,2014/07/22,2014/07/25,2570.0,2570.0,2590.0,2550.0,57.971014492753625,2529.5,78.32464490822915,2686.1492898164583
233,234,2014/07/28,2014/08/01,2580.0,2570.0,2630.0,2550.0,54.6875,2529.0,78.03204469959881,2685.0640893991977
234,235,2014/08/04,2014/08/08,2590.0,2520.0,2630.0,2500.0,53.84615384615385,2533.0,75.37240874484633,2683.7448174896927
235,236,2014/08/11,2014/08/15,2580.0,2620.0,2640.0,2560.0,65.21739130434783,2538.0,77.6273147803026,2693.2546295606053
236,237,2014/08/18,2014/08/22,2620.0,2610.0,2680.0,2600.0,60.9375,2541.0,79.17701686727145,2699.354033734543
237,238,2014/08/25,2014/08/29,2640.0,2610.0,2650.0,2570.0,62.903225806451616,2552.5,71.26534922387027,2695.0306984477406
238,239,2014/09/01,2014/09/05,2590.0,2620.0,2700.0,2590.0,59.64912280701754,2560.5,69.38839960685206,2699.276799213704
239,240,2014/09/08,2014/09/12,2620.0,2720.0,2740.0,2600.0,56.60377358490566,2571.0,76.47875521999678,2723.9575104399937
240,241,2014/09/16,2014/09/19,2720.0,2740.0,2780.0,2650.0,60.37735849056604,2584.5,81.14647250497205,2746.792945009944
241,242,2014/09/22,2014/09/26,2750.0,2680.0,2750.0,2660.0,54.23728813559322,2598.0,73.04792947099997,2744.0958589419997
242,243,2014/09/29,2014/10/03,2680.0,2550.0,2700.0,2530.0,48.484848484848484,2602.0,67.94115100585348,2737.882302011707
243,244,2014/10/06,2014/10/10,2580.0,2440.0,2620.0,2410.0,34.78260869565217,2601.5,69.08509245850502,2739.67018491701
244,245,2014/10/14,2014/10/17,2340.0,2290.0,2400.0,2280.0,31.16883116883117,2590.5,95.31395490692948,2781.127909813859
245,246,2014/10/20,2014/10/24,2370.0,2450.0,2480.0,2340.0,43.956043956043956,2580.5,98.968429309554,2778.436858619108
246,247,2014/10/27,2014/10/31,2460.0,2560.0,2590.0,2450.0,49.504950495049506,2577.0,98.39207285142531,2773.7841457028508
247,248,2014/11/04,2014/11/07,2640.0,2590.0,2650.0,2550.0,50.96153846153846,2575.0,97.69851585362075,2770.3970317072417
248,249,2014/11/10,2014/11/14,2600.0,2650.0,2700.0,2600.0,56.19047619047619,2579.0,99.04039579888696,2777.080791597774
249,250,2014/11/17,2014/11/21,2650.0,2620.0,2650.0,2540.0,50.0,2577.5,98.17713583110981,2773.8542716622196
250,251,2014/11/25,2014/11/28,2620.0,2580.0,2630.0,2560.0,48.51485148514851,2577.5,98.17713583110981,2773.8542716622196
251,252,2014/12/01,2014/12/05,2570.0,2600.0,2610.0,2520.0,49.51456310679612,2579.5,98.20768809008888,2775.9153761801776
252,253,2014/12/08,2014/12/12,2630.0,2470.0,2630.0,2460.0,43.47826086956522,2574.5,101.06804638460261,2776.6360927692053
253,254,2014/12/15,2014/12/19,2430.0,2470.0,2480.0,2360.0,38.095238095238095,2569.5,103.60863863597565,2776.7172772719514
254,255,2014/12/22,2014/12/26,2440.0,2510.0,2510.0,2410.0,39.25233644859813,2569.0,103.87011119662954,2776.740222393259
255,256,2014/12/29,2014/12/30,2510.0,2460.0,2520.0,2450.0,39.62264150943396,2561.0,105.77806956075624,2772.5561391215124
256,257,2015/01/05,2015/01/09,2470.0,2440.0,2510.0,2420.0,44.21052631578947,2552.5,108.29935364534816,2769.0987072906964
257,258,2015/01/13,2015/01/16,2430.0,2380.0,2450.0,2350.0,46.666666666666664,2541.0,113.66177897604888,2768.323557952098
258,259,2015/01/19,2015/01/23,2380.0,2450.0,2450.0,2360.0,59.75609756097561,2532.5,113.79257445018187,2760.085148900364
259,260,2015/01/26,2015/01/30,2430.0,2420.0,2460.0,2380.0,47.82608695652174,2517.5,107.69749300703423,2732.8949860140683
260,261,2015/02/02,2015/02/06,2400.0,2420.0,2460.0,2390.0,37.93103448275862,2501.5,96.65790190150098,2694.815803803002
261,262,2015/02/09,2015/02/13,2430.0,2370.0,2440.0,2350.0,31.666666666666668,2486.0,91.50956234186778,2669.0191246837358
262,263,2015/02/16,2015/02/20,2370.0,2390.0,2420.0,2360.0,26.785714285714285,2478.0,92.55268769733371,2663.1053753946676
263,264,2015/02/23,2015/02/27,2400.0,2370.0,2430.0,2350.0,27.272727272727273,2474.5,95.20898066884334,2664.917961337687
264,265,2015/03/02,2015/03/06,2380.0,2340.0,2410.0,2330.0,27.77777777777778,2477.0,90.89004345911705,2658.7800869182342
265,266,2015/03/09,2015/03/13,2350.0,2330.0,2370.0,2320.0,24.528301886792452,2471.0,96.27564593395458,2663.551291867909
266,267,2015/03/16,2015/03/20,2330.0,2310.0,2340.0,2310.0,30.952380952380953,2458.5,100.06372969263231,2658.6274593852645
267,268,2015/03/23,2015/03/27,2330.0,2290.0,2350.0,2290.0,29.545454545454547,2443.5,101.69931169875333,2646.8986233975065
268,269,2015/03/30,2015/04/03,2310.0,2250.0,2310.0,2230.0,20.454545454545453,2423.5,98.40096544241923,2620.3019308848384
269,270,2015/04/06,2015/04/10,2250.0,2230.0,2280.0,2210.0,21.951219512195124,2404.0,96.14572273377628,2596.2914454675524
270,271,2015/04/13,2015/04/17,2240.0,2290.0,2330.0,2220.0,33.333333333333336,2389.5,90.19284894047968,2569.8856978809595
271,272,2015/04/20,2015/04/24,2280.0,2290.0,2310.0,2240.0,38.46153846153846,2374.0,78.57480512225395,2531.149610244508
272,273,2015/04/27,2015/05/01,2310.0,2280.0,2310.0,2250.0,24.242424242424242,2364.5,77.87650480087166,2520.2530096017435
273,274,2015/05/07,2015/05/08,2300.0,2330.0,2370.0,2300.0,37.142857142857146,2357.5,74.28828979051939,2506.076579581039
274,275,2015/05/11,2015/05/15,2340.0,2320.0,2390.0,2310.0,36.111111111111114,2348.0,65.84831053261873,2479.6966210652377
275,276,2015/05/18,2015/05/22,2330.0,2430.0,2450.0,2320.0,57.142857142857146,2346.5,63.582623412377274,2473.6652468247544
276,277,2015/05/25,2015/05/29,2430.0,2390.0,2540.0,2370.0,50.0,2344.0,60.77828559609251,2465.556571192185
277,278,2015/06/01,2015/06/05,2400.0,2380.0,2430.0,2370.0,51.16279069767442,2344.0,60.77828559609251,2465.556571192185
278,279,2015/06/08,2015/06/12,2390.0,2320.0,2390.0,2310.0,47.82608695652174,2337.5,55.84576975922336,2449.191539518447
279,280,2015/06/15,2015/06/19,2330.0,2260.0,2400.0,2240.0,43.13725490196079,2329.5,54.906739112791854,2439.313478225584
280,281,2015/06/22,2015/06/26,2260.0,2280.0,2340.0,2240.0,47.05882352941177,2322.5,51.75664208582495,2426.01328417165
281,282,2015/06/29,2015/07/03,2250.0,2250.0,2300.0,2220.0,46.15384615384615,2316.5,52.84647575761497,2422.19295151523
282,283,2015/07/06,2015/07/10,2250.0,2150.0,2290.0,2130.0,41.37931034482759,2304.5,61.357558621576416,2427.2151172431527
283,284,2015/07/13,2015/07/17,2180.0,2260.0,2260.0,2160.0,52.23880597014925,2299.0,60.15812497078168,2419.3162499415635
284,285,2015/07/21,2015/07/24,2260.0,2270.0,2300.0,2240.0,48.38709677419355,2295.5,59.70552738231349,2414.911054764627
285,286,2015/07/27,2015/07/31,2270.0,2250.0,2310.0,2230.0,46.875,2291.5,59.93955288455351,2411.379105769107
286,287,2015/08/03,2015/08/07,2230.0,2390.0,2400.0,2170.0,57.142857142857146,2295.5,63.5983490351769,2422.6966980703537
287,288,2015/08/10,2015/08/14,2370.0,2320.0,2400.0,2300.0,49.36708860759494,2297.0,63.80438856379855,2424.608777127597
288,289,2015/08/17,2015/08/21,2300.0,2190.0,2350.0,2170.0,42.857142857142854,2294.0,67.26068688320234,2428.521373766405
289,290,2015/08/24,2015/08/28,2180.0,2130.0,2240.0,1960.0,32.55813953488372,2289.0,75.09327533141824,2439.1865506628365
290,291,2015/08/31,2015/09/04,2160.0,2010.0,2160.0,1980.0,29.78723404255319,2275.0,96.61780374237549,2468.235607484751
291,292,2015/09/07,2015/09/11,1980.0,2060.0,2070.0,1960.0,33.673469387755105,2263.5,107.2508741223128,2478.0017482446256
292,293,2015/09/14,2015/09/18,2040.0,2030.0,2080.0,1880.0,34.73684210526316,2251.0,118.57065404222153,2488.141308084443
293,294,2015/09/24,2015/09/25,1980.0,1940.0,1990.0,1890.0,33.673469387755105,2231.5,134.91756742544754,2501.335134850895
294,295,2015/09/28,2015/10/02,1960.0,1900.0,1980.0,1860.0,31.0,2210.5,151.21094537102857,2512.9218907420573
295,296,2015/10/05,2015/10/09,1930.0,2080.0,2100.0,1930.0,42.608695652173914,2193.0,144.9172177486174,2482.8344354972346
296,297,2015/10/13,2015/10/16,2060.0,1970.0,2070.0,1960.0,42.241379310344826,2172.0,145.27904184706128,2462.5580836941226
297,298,2015/10/19,2015/10/23,1980.0,2020.0,2040.0,1940.0,39.09090909090909,2154.0,140.6200554686286,2435.240110937257
298,299,2015/10/26,2015/10/30,2040.0,1960.0,2040.0,1940.0,36.52173913043478,2136.0,141.2586280550685,2418.517256110137
299,300,2015/11/02,2015/11/06,1960.0,1980.0,1990.0,1940.0,38.26086956521739,2122.0,142.147810394674,2406.295620789348
300,301,2015/11/09,2015/11/13,1990.0,2520.0,2650.0,1980.0,54.193548387096776,2134.0,163.50535159437499,2461.01070318875
301,302,2015/11/16,2015/11/20,2480.0,2520.0,2590.0,2470.0,56.75675675675676,2147.5,182.5616334282759,2512.6232668565517
302,303,2015/11/24,2015/11/27,2520.0,2510.0,2540.0,2450.0,61.76470588235294,2165.5,198.93403429277805,2563.368068585556
303,304,2015/11/30,2015/12/04,2510.0,2670.0,2670.0,2500.0,68.4931506849315,2186.0,226.79065236468674,2639.5813047293736
304,305,2015/12/07,2015/12/11,2700.0,2580.0,2720.0,2550.0,69.93006993006993,2201.5,242.08004874421226,2685.6600974884245
305,306,2015/12/14,2015/12/18,2560.0,2590.0,2640.0,2490.0,69.06474820143885,2218.5,256.40349061586545,2731.306981231731
306,307,2015/12/21,2015/12/25,2570.0,2500.0,2600.0,2480.0,66.20689655172414,2224.0,261.15895542753304,2746.317910855066
307,308,2015/12/28,2015/12/30,2500.0,2620.0,2630.0,2500.0,72.97297297297297,2239.0,274.5159376065444,2788.031875213089
308,309,2016/01/04,2016/01/08,2620.0,2560.0,2660.0,2540.0,72.0,2257.5,282.9288779887981,2823.3577559775963
309,310,2016/01/12,2016/01/15,2540.0,2480.0,2550.0,2450.0,64.28571428571429,2275.0,285.3156147146528,2845.6312294293057
310,311,2016/01/18,2016/01/22,2400.0,2430.0,2460.0,2330.0,67.16417910447761,2296.0,280.4532046527552,2856.9064093055104
311,312,2016/01/25,2016/01/29,2420.0,2500.0,2500.0,2360.0,67.6470588235294,2318.0,278.3271456398031,2874.6542912796062
312,313,2016/02/01,2016/02/05,2500.0,2200.0,2560.0,2150.0,57.5,2326.5,271.9241622217492,2870.3483244434983
313,314,2016/02/08,2016/02/12,2160.0,2160.0,2240.0,1970.0,55.55555555555556,2337.5,260.26669014685723,2858.0333802937143
314,315,2016/02/15,2016/02/19,2240.0,2410.0,2460.0,2200.0,45.86466165413534,2363.0,240.37678756485658,2843.753575129713
315,316,2016/02/22,2016/02/26,2390.0,2430.0,2450.0,2270.0,46.666666666666664,2380.5,231.72127653713673,2843.9425530742733
316,317,2016/02/29,2016/03/04,2440.0,2470.0,2480.0,2300.0,48.55072463768116,2405.5,212.23748490782722,2829.9749698156543
317,318,2016/03/07,2016/03/11,2470.0,2530.0,2540.0,2400.0,44.53125,2431.0,194.26528253910988,2819.5305650782198
318,319,2016/03/14,2016/03/18,2550.0,2530.0,2600.0,2500.0,47.89915966386555,2459.5,162.24903697711179,2783.9980739542234
319,320,2016/03/22,2016/03/25,2550.0,2490.0,2630.0,2450.0,45.90163934426229,2485.0,119.2686044187664,2723.537208837533
320,321,2016/03/28,2016/04/01,2500.0,2360.0,2540.0,2350.0,44.44444444444444,2477.0,121.98770429842585,2720.9754085968516
321,322,2016/04/04,2016/04/08,2380.0,2260.0,2400.0,2200.0,35.483870967741936,2464.0,130.2843045036515,2724.568609007303
322,323,2016/04/11,2016/04/15,2270.0,2320.0,2350.0,2220.0,40.32258064516129,2454.5,133.4719071565256,2721.443814313051
323,324,2016/04/18,2016/04/22,2260.0,2420.0,2450.0,2260.0,47.61904761904762,2442.0,124.08061895396955,2690.1612379079393
324,325,2016/04/25,2016/04/28,2420.0,2280.0,2450.0,2270.0,44.44444444444444,2427.0,124.62343278854176,2676.2468655770836
325,326,2016/05/02,2016/05/06,2220.0,2230.0,2260.0,2180.0,39.849624060150376,2409.0,125.77360613419727,2660.5472122683946
326,327,2016/05/09,2016/05/13,2220.0,2000.0,2290.0,1990.0,42.06349206349206,2384.0,152.13152204589352,2688.263044091787
327,328,2016/05/16,2016/05/20,2010.0,1940.0,2030.0,1930.0,41.40625,2350.0,170.4699386988808,2690.939877397762
328,329,2016/05/23,2016/05/27,1940.0,1970.0,1990.0,1940.0,29.245283018867923,2320.5,182.22170562257446,2684.943411245149
329,330,2016/05/30,2016/06/03,1970.0,1940.0,2010.0,1930.0,27.102803738317757,2293.5,196.0682279207934,2685.6364558415867
330,331,2016/06/06,2016/06/10,1930.0,1900.0,1950.0,1900.0,23.364485981308412,2267.0,211.07107807560985,2689.1421561512198
331,332,2016/06/13,2016/06/17,1890.0,1940.0,1950.0,1850.0,21.904761904761905,2239.0,215.40427108114685,2669.8085421622936
332,333,2016/06/20,2016/06/24,1920.0,1910.0,2060.0,1880.0,21.296296296296298,2224.5,226.99063857348872,2678.4812771469774
333,334,2016/06/27,2016/07/01,1900.0,1980.0,2020.0,1900.0,27.027027027027028,2215.5,232.86208364609337,2681.224167292187
334,335,2016/07/04,2016/07/08,2030.0,1960.0,2030.0,1960.0,30.0,2193.0,234.7147204586883,2662.4294409173767
335,336,2016/07/11,2016/07/15,1980.0,2070.0,2140.0,1980.0,40.59405940594059,2175.0,229.59747385369943,2634.194947707399
336,337,2016/07/19,2016/07/22,2080.0,2150.0,2150.0,2050.0,41.74757281553398,2159.0,219.40601632589792,2597.812032651796
337,338,2016/07/25,2016/07/29,2150.0,2110.0,2170.0,2030.0,34.02061855670103,2138.0,202.3264688566481,2542.652937713296
338,339,2016/08/01,2016/08/05,2100.0,2020.0,2110.0,1980.0,35.869565217391305,2112.5,182.47945089790298,2477.458901795806
339,340,2016/08/08,2016/08/12,2040.0,2090.0,2180.0,2030.0,42.5531914893617,2092.5,160.61989291491943,2413.739785829839
340,341,2016/08/15,2016/08/19,2100.0,2030.0,2130.0,1990.0,51.94805194805195,2076.0,148.80860190190683,2373.6172038038135
341,342,2016/08/22,2016/08/26,2040.0,2030.0,2070.0,2010.0,56.33802816901409,2064.5,142.9151846376031,2350.330369275206
342,343,2016/08/29,2016/09/02,2060.0,2080.0,2130.0,2030.0,57.534246575342465,2052.5,130.4942527470087,2313.4885054940173
343,344,2016/09/05,2016/09/09,2090.0,2150.0,2170.0,2070.0,63.63636363636363,2039.0,102.80564186852872,2244.6112837370574
344,345,2016/09/12,2016/09/16,2130.0,2040.0,2130.0,2010.0,58.333333333333336,2027.0,86.72369918309634,2200.447398366193
345,346,2016/09/20,2016/09/23,2030.0,2110.0,2120.0,2020.0,59.770114942528735,2021.0,75.9539334070342,2172.9078668140683
346,347,2016/09/26,2016/09/30,2120.0,2120.0,2180.0,2070.0,62.35294117647059,2027.0,78.7464284904413,2184.4928569808826
347,348,2016/10/03,2016/10/07,2120.0,2170.0,2190.0,2110.0,61.44578313253012,2038.5,81.9313737221596,2202.362747444319
348,349,2016/10/11,2016/10/14,2160.0,2180.0,2210.0,2150.0,63.41463414634146,2049.0,85.84287972802512,2220.68575945605
349,350,2016/10/17,2016/10/21,2180.0,2350.0,2430.0,2180.0,65.9090909090909,2069.5,104.33000527173468,2278.1600105434695
350,351,2016/10/24,2016/10/28,2340.0,2380.0,2400.0,2290.0,63.855421686746986,2093.5,117.01602454365037,2327.532049087301
351,352,2016/10/31,2016/11/04,2380.0,2260.0,2480.0,2260.0,58.24175824175824,2109.5,116.81074436883016,2343.1214887376605
352,353,2016/11/07,2016/11/11,2270.0,2290.0,2350.0,1920.0,65.88235294117646,2128.5,113.67827408964382,2355.8565481792875
353,354,2016/11/14,2016/11/18,3010.0,3000.0,3070.0,2820.0,80.53691275167785,2179.5,217.24352694614444,2613.9870538922887
354,355,2016/11/21,2016/11/25,3000.0,3240.0,3390.0,2970.0,86.22754491017965,2243.5,311.32418794562074,2866.1483758912414
355,356,2016/11/28,2016/12/02,3230.0,3270.0,3580.0,3180.0,86.47058823529412,2303.5,380.1351733265421,3063.7703466530843
356,357,2016/12/05,2016/12/09,3290.0,3270.0,3370.0,3210.0,86.06060606060606,2359.5,432.31325448105355,3224.126508962107
357,358,2016/12/12,2016/12/16,3290.0,3250.0,3330.0,3100.0,84.375,2416.5,469.236347696979,3354.972695393958
358,359,2016/12/19,2016/12/22,3210.0,3060.0,3230.0,3030.0,80.35714285714286,2468.5,479.91952450384866,3428.339049007697
359,360,2016/12/26,2016/12/30,3080.0,3150.0,3230.0,3080.0,80.58823529411765,2521.5,493.530900754958,3508.561801509916
360,361,2017/01/04,2017/01/06,3200.0,3260.0,3280.0,3180.0,81.66666666666667,2583.0,504.95643376433986,3592.9128675286797
361,362,2017/01/10,2017/01/13,3250.0,3230.0,3360.0,3190.0,79.7752808988764,2643.0,506.9723858357575,3656.944771671515
362,363,2017/01/16,2017/01/20,3260.0,3230.0,3270.0,3100.0,79.66101694915254,2700.5,505.0690546846047,3710.6381093692094
363,364,2017/01/23,2017/01/27,3240.0,3390.0,3440.0,3180.0,79.54545454545455,2762.5,509.7732338991526,3782.0464677983055
364,365,2017/01/30,2017/02/03,3420.0,3360.0,3430.0,3300.0,77.8409090909091,2828.5,497.25521616168106,3823.0104323233622
365,366,2017/02/06,2017/02/10,3390.0,3400.0,3460.0,3280.0,83.92857142857143,2893.0,483.3435631101341,3859.687126220268
366,367,2017/02/13,2017/02/17,3450.0,3190.0,3500.0,3150.0,74.19354838709677,2946.5,453.09242986392985,3852.6848597278595
367,368,2017/02/20,2017/02/24,3190.0,3120.0,3200.0,3090.0,54.91803278688525,2994.0,417.6050765974956,3829.210153194991
368,369,2017/02/27,2017/03/03,3130.0,3140.0,3160.0,3080.0,45.0,3042.0,374.20048102588026,3790.4009620517604
369,370,2017/03/06,2017/03/10,3130.0,3180.0,3210.0,3130.0,45.54455445544554,3083.5,339.5773107850408,3762.654621570082
370,371,2017/03/13,2017/03/17,3180.0,3150.0,3190.0,3130.0,44.23076923076923,3122.0,298.8410948982756,3719.682189796551
371,372,2017/03/21,2017/03/24,3140.0,3110.0,3160.0,3070.0,43.39622641509434,3164.5,224.3986408158485,3613.297281631697
372,373,2017/03/27,2017/03/31,3090.0,2950.0,3150.0,2950.0,44.66019417475728,3197.5,115.45020571657803,3428.400411433156
373,374,2017/04/03,2017/04/07,2950.0,2720.0,2950.0,2680.0,31.623931623931625,3183.5,150.27558018520568,3484.0511603704113
374,375,2017/04/10,2017/04/14,2720.0,2620.0,2740.0,2580.0,22.413793103448278,3152.5,193.23237306414313,3538.964746128286
375,376,2017/04/17,2017/04/21,2610.0,2740.0,2780.0,2590.0,30.4,3126.0,210.8411724497855,3547.682344899571
376,377,2017/04/24,2017/04/28,2760.0,2850.0,2870.0,2740.0,36.029411764705884,3105.0,216.29840498718474,3537.5968099743695
377,378,2017/05/01,2017/05/02,2820.0,2910.0,2920.0,2820.0,30.952380952380953,3088.0,217.59136012259353,3523.182720245187
378,379,2017/05/08,2017/05/12,2950.0,3030.0,3070.0,2920.0,37.77777777777778,3086.5,217.88242242090158,3522.264844841803
379,380,2017/05/15,2017/05/19,3020.0,3090.0,3150.0,3020.0,38.68613138686131,3083.5,217.3999770009192,3518.299954001838
380,381,2017/05/22,2017/05/26,3100.0,3130.0,3220.0,3080.0,47.5,3077.0,213.94158081121162,3504.8831616224234
381,382,2017/05/29,2017/06/02,3090.0,3130.0,3150.0,3050.0,50.442477876106196,3072.0,211.46158043483973,3494.9231608696796
382,383,2017/06/05,2017/06/09,3120.0,3080.0,3120.0,3020.0,47.41379310344828,3064.5,208.36206468548968,3481.2241293709794
383,384,2017/06/12,2017/06/16,3080.0,3070.0,3170.0,3070.0,45.13274336283186,3048.5,194.58352962160026,3437.6670592432006
384,385,2017/06/19,2017/06/23,3070.0,3050.0,3110.0,3020.0,45.535714285714285,3033.0,181.02762220169657,3395.0552444033933
385,386,2017/06/26,2017/06/30,3040.0,3090.0,3140.0,3020.0,49.107142857142854,3017.5,161.11719337178198,3339.734386743564
386,387,2017/07/03,2017/07/07,3090.0,3330.0,3340.0,3090.0,65.83333333333333,3024.5,171.18630202209576,3366.8726040441916
387,388,2017/07/10,2017/07/14,3360.0,3400.0,3420.0,3230.0,82.6923076923077,3038.5,188.95171340847955,3416.403426816959
388,389,2017/07/18,2017/07/21,3380.0,3520.0,3540.0,3350.0,92.45283018867924,3057.5,215.45011023436538,3488.400220468731
389,390,2017/07/24,2017/07/28,3530.0,3590.0,3620.0,3510.0,92.07920792079207,3078.0,243.77448594961734,3565.548971899235
390,391,2017/07/31,2017/08/04,3600.0,3580.0,3740.0,3580.0,90.10989010989012,3099.5,267.02949275314177,3633.5589855062835
391,392,2017/08/07,2017/08/10,3600.0,3120.0,3660.0,3110.0,58.01526717557252,3100.0,267.0580461248082,3634.1160922496165
392,393,2017/08/14,2017/08/18,3120.0,3180.0,3290.0,3080.0,56.0,3111.5,265.2974745450853,3642.0949490901708
393,394,2017/08/21,2017/08/25,3200.0,3280.0,3340.0,3160.0,57.36434108527132,3139.5,251.703694847732,3642.907389695464
394,395,2017/08/28,2017/09/01,3320.0,3440.0,3440.0,3290.0,60.99290780141844,3180.5,229.553370700585,3639.60674140117
395,396,2017/09/04,2017/09/08,3450.0,3550.0,3610.0,3380.0,63.81578947368421,3221.0,219.49715260112188,3659.9943052022436
396,397,2017/09/11,2017/09/15,3540.0,3920.0,3950.0,3530.0,72.82608695652173,3274.5,250.72843875396381,3775.956877507928
397,398,2017/09/19,2017/09/22,3940.0,4030.0,4060.0,3860.0,74.74226804123711,3330.5,285.7004550223891,3901.9009100447784
398,399,2017/09/25,2017/09/29,4050.0,4180.0,4280.0,4040.0,77.29468599033817,3388.0,331.49057301829896,4050.981146036598
399,400,2017/10/02,2017/10/06,4190.0,4160.0,4195.0,4055.0,76.09756097560975,3441.5,363.84440355734506,4169.1888071146905
400,401,2017/10/10,2017/10/13,4090.0,4065.0,4260.0,3965.0,69.29133858267717,3488.25,380.5038600329833,4249.257720065967
401,402,2017/10/16,2017/10/20,4040.0,4015.0,4055.0,3905.0,66.3129973474801,3532.5,387.66125676936065,4307.822513538721
402,403,2017/10/23,2017/10/27,4035.0,4045.0,4150.0,3995.0,64.62395543175488,3580.75,388.3917963860722,4357.533592772144
403,404,2017/10/30,2017/11/02,4050.0,4260.0,4360.0,4035.0,67.26804123711341,3640.25,396.6531072612443,4433.5562145224885
404,405,2017/11/06,2017/11/10,4290.0,4340.0,4435.0,4225.0,68.90547263681592,3704.75,400.2951255011734,4505.340251002347
405,406,2017/11/13,2017/11/17,4480.0,4010.0,4660.0,3995.0,73.67021276595744,3750.75,379.3193740108725,4509.388748021745
406,407,2017/11/20,2017/11/24,3990.0,4145.0,4170.0,3990.0,74.68030690537084,3791.5,375.689699086893,4542.879398173786
407,408,2017/11/27,2017/12/01,4135.0,4215.0,4240.0,4030.0,74.28571428571429,3832.25,375.2148551163722,4582.679710232745
408,409,2017/12/04,2017/12/08,4225.0,4315.0,4325.0,4150.0,73.45844504021447,3872.0,382.07787164398854,4636.155743287977
409,410,2017/12/11,2017/12/15,4270.0,4365.0,4440.0,4270.0,72.57617728531856,3910.75,390.7149696389942,4692.1799392779885
410,411,2017/12/18,2017/12/22,4370.0,4525.0,4550.0,4255.0,68.96551724137932,3958.0,404.74806979156824,4767.496139583136
411,412,2017/12/25,2017/12/29,4530.0,4585.0,4660.0,4440.0,67.96116504854369,4031.25,378.1529948314573,4787.555989662915
412,413,2018/01/04,2018/01/05,4645.0,4655.0,4695.0,4615.0,66.21160409556315,4105.0,347.5377677317966,4800.075535463593
413,414,2018/01/09,2018/01/12,4650.0,4535.0,4775.0,4525.0,61.980830670926515,4167.75,303.411745817462,4774.573491634924
414,415,2018/01/15,2018/01/19,4560.0,4430.0,4580.0,4395.0,61.58730158730159,4217.25,258.00423930625675,4733.2584786125135
415,416,2018/01/22,2018/01/26,4445.0,4390.0,4455.0,4310.0,61.980830670926515,4259.25,209.8408623219038,4678.931724643808
416,417,2018/01/29,2018/02/02,4410.0,4395.0,4500.0,4290.0,61.36363636363637,4283.0,196.560423279968,4676.120846559936
417,418,2018/02/05,2018/02/09,4280.0,3760.0,4305.0,3680.0,37.244897959183675,4269.5,221.20070072221785,4711.901401444436
418,419,2018/02/13,2018/02/16,3900.0,3540.0,3910.0,3480.0,30.952380952380953,4237.5,272.23840654837846,4781.976813096757
419,420,2018/02/19,2018/02/23,3610.0,3490.0,3720.0,3455.0,35.714285714285715,4204.0,317.22074333183224,4838.441486663664
420,421,2018/02/26,2018/03/02,3500.0,3390.0,3565.0,3250.0,28.8515406162465,4170.25,362.841132591111,4895.932265182222
421,422,2018/03/05,2018/03/09,3340.0,3210.0,3350.0,3165.0,23.482849604221634,4130.0,418.2493275547495,4966.498655109499
422,423,2018/03/12,2018/03/16,3270.0,3215.0,3330.0,3190.0,19.444444444444443,4088.5,463.36837397474613,5015.236747949492
423,424,2018/03/19,2018/03/23,3220.0,3070.0,3280.0,3050.0,15.831134564643799,4029.0,511.4357242117529,5051.871448423506
424,425,2018/03/26,2018/03/30,3050.0,3065.0,3130.0,2985.0,8.045977011494253,3965.25,546.9288687754562,5059.107737550912
425,426,2018/04/02,2018/04/06,3090.0,3155.0,3195.0,3055.0,9.6045197740113,3922.5,574.4812877718474,5071.462575543695
426,427,2018/04/09,2018/04/13,3125.0,3230.0,3275.0,3055.0,9.859154929577464,3876.75,591.1329693901366,5059.015938780273
427,428,2018/04/16,2018/04/20,3260.0,3325.0,3360.0,3180.0,15.428571428571429,3832.25,597.4601974190416,5027.170394838084
428,429,2018/04/23,2018/04/27,3325.0,3355.0,3415.0,3310.0,17.91044776119403,3784.25,595.3072211052039,4974.864442210408
429,430,2018/05/01,2018/05/02,3325.0,3255.0,3325.0,3215.0,17.29106628242075,3728.75,590.2983885290558,4909.346777058112
430,431,2018/05/07,2018/05/11,3260.0,3280.0,3440.0,3230.0,18.233618233618234,3666.5,568.2827201314502,4803.065440262901
431,432,2018/05/14,2018/05/18,3630.0,3860.0,3940.0,3530.0,52.94117647058823,3630.25,530.3971978621306,4691.044395724261
432,433,2018/05/21,2018/05/25,3845.0,3665.0,3905.0,3665.0,53.73134328358209,3580.75,475.8420825231835,4532.434165046367
433,434,2018/05/28,2018/06/01,3645.0,3750.0,3815.0,3620.0,57.60233918128655,3541.5,425.1914274770838,4391.882854954168
434,435,2018/06/04,2018/06/08,3765.0,3940.0,3945.0,3740.0,65.27777777777777,3517.0,385.5593339552295,4288.118667910459
435,436,2018/06/11,2018/06/15,3935.0,3765.0,4020.0,3745.0,65.45961002785515,3485.75,335.6310288099123,4157.012057619824
436,437,2018/06/18,2018/06/22,3760.0,4075.0,4090.0,3685.0,70.47619047619048,3469.75,297.34859592740673,4064.4471918548134
437,438,2018/06/25,2018/06/29,4065.0,4040.0,4080.0,3845.0,74.37185929648241,3483.75,316.64994473392886,4117.049889467858
438,439,2018/07/02,2018/07/06,4060.0,3920.0,4100.0,3775.0,70.30878859857482,3502.75,330.55058236221606,4163.851164724432
439,440,2018/07/09,2018/07/13,3980.0,3900.0,4080.0,3825.0,68.30466830466831,3523.25,341.65141226109426,4206.5528245221885
440,441,2018/07/17,2018/07/20,3905.0,3850.0,4090.0,3785.0,65.42288557213931,3546.25,347.3430400914925,4240.936080182985
441,442,2018/07/23,2018/07/27,3830.0,3980.0,4000.0,3825.0,66.01466992665037,3584.75,350.59761479508126,4285.945229590163
442,443,2018/07/30,2018/08/03,3950.0,3780.0,3950.0,3775.0,59.59367945823928,3613.0,342.3317104797629,4297.663420959526
443,444,2018/08/06,2018/08/10,3810.0,3110.0,4050.0,3110.0,47.3967684021544,3615.0,339.25654009908226,4293.513080198165
444,445,2018/08/13,2018/08/17,3140.0,3260.0,3295.0,3115.0,49.65635738831615,3624.75,325.84687738261385,4276.443754765228
445,446,2018/08/20,2018/08/24,3315.0,3320.0,3350.0,3170.0,38.70292887029289,3633.0,315.7823617620215,4264.564723524043
446,447,2018/08/27,2018/08/31,3360.0,3290.0,3435.0,3240.0,41.57303370786517,3636.0,312.2042600606215,4260.408520121243
447,448,2018/09/03,2018/09/07,3265.0,3040.0,3290.0,2995.0,35.14644351464435,3621.75,331.953592389057,4285.657184778114
448,449,2018/09/10,2018/09/14,3020.0,2945.0,3060.0,2834.0,28.32244008714597,3601.25,359.325322653442,4319.900645306884
449,450,2018/09/18,2018/09/21,2909.0,3070.0,3085.0,2861.0,34.521158129175944,3592.0,370.33228322683425,4332.664566453668
450,451,2018/09/25,2018/09/28,3060.0,2861.0,3130.0,2854.0,21.688432835820894,3571.05,398.1933544146614,4367.436708829323
451,452,2018/10/01,2018/10/05,2871.0,2831.0,2981.0,2805.0,21.73913043478261,3519.6,423.2256372196753,4366.051274439351
452,453,2018/10/09,2018/10/12,2800.0,2695.0,2800.0,2656.0,21.577726218097446,3471.1,457.93983229240956,4386.979664584819
453,454,2018/10/15,2018/10/19,2696.0,2636.0,2712.0,2613.0,21.194165907019144,3415.4,487.4287024786294,4390.257404957259
454,455,2018/10/22,2018/10/26,2628.0,2436.0,2680.0,2411.0,19.83788395904437,3340.2,515.8804706518753,4371.960941303751
455,456,2018/10/29,2018/11/02,2440.0,2584.0,2602.0,2352.0,20.448772226926334,3281.15,531.2390492989013,4343.628098597803
456,457,2018/11/05,2018/11/09,2558.0,2568.0,2635.0,2546.0,22.176308539944902,3205.8,520.0543817717532,4245.908763543506
457,458,2018/11/12,2018/11/16,2579.0,2389.0,2607.0,2327.0,28.630705394190873,3123.25,512.0602381556301,4147.37047631126
458,459,2018/11/19,2018/11/22,2377.0,2341.0,2437.0,2312.0,21.009463722397477,3044.3,504.80472462131405,4053.9094492426284
459,460,2018/11/26,2018/11/30,2336.0,2414.0,2420.0,2310.0,21.65206508135169,2970.0,482.24485481962466,3934.489709639249
460,461,2018/12/03,2018/12/07,2416.0,2317.0,2485.0,2315.0,20.78078078078078,2893.35,457.4771333083227,3808.3042666166452
461,462,2018/12/10,2018/12/14,2318.0,2357.0,2379.0,2190.0,26.52920962199313,2812.2,397.5464249619168,3607.2928499238333
462,463,2018/12/17,2018/12/21,2350.0,2114.0,2392.0,2114.0,24.079850280723644,2728.9,358.6733750921596,3446.2467501843194
463,464,2018/12/25,2018/12/28,2043.0,2244.0,2252.0,1998.0,24.31592039800995,2685.6,362.3068312908287,3410.2136625816574
464,465,2019/01/04,2019/01/04,2155.0,2178.0,2182.0,2110.0,26.68941979522184,2631.5,353.1650464018219,3337.8300928036438
465,466,2019/01/07,2019/01/11,2278.0,2269.0,2357.0,2228.0,31.58584534731324,2578.95,323.7788558568966,3226.507711713793
466,467,2019/01/15,2019/01/18,2245.0,2348.0,2375.0,2245.0,38.18924438393465,2531.85,282.8455895007045,3097.5411790014086
467,468,2019/01/21,2019/01/25,2369.0,2383.0,2459.0,2326.0,41.24567474048443,2499.0,259.07431366308975,3017.1486273261794
468,469,2019/01/28,2019/02/01,2390.0,2293.0,2400.0,2285.0,44.644194756554306,2466.4,241.3146079291534,2949.029215858307
469,470,2019/02/04,2019/02/08,2310.0,2266.0,2422.0,2239.0,36.902800658978585,2426.2,201.01756142188427,2828.2351228437683
470,471,2019/02/12,2019/02/15,2280.0,2322.0,2364.0,2266.0,40.19138755980861,2399.25,175.4197466079604,2750.089493215921
471,472,2019/02/18,2019/02/22,2396.0,2239.0,2412.0,2224.0,43.523316062176164,2369.65,147.8496787280955,2665.3493574561912
472,473,2019/02/25,2019/03/01,2249.0,2355.0,2370.0,2226.0,50.57096247960848,2352.65,127.62690742943307,2607.903814858866
473,474,2019/03/04,2019/03/08,2374.0,2264.0,2398.0,2244.0,43.97106109324759,2334.05,111.00111485927115,2556.0522297185425
474,475,2019/03/11,2019/03/15,2214.0,2175.0,2255.0,2141.0,44.25566343042071,2321.0,113.56099682549957,2548.1219936509992
475,476,2019/03/18,2019/03/22,2180.0,2144.0,2184.0,2086.0,41.32029339853301,2299.0,102.56753872449676,2504.1350774489933
476,477,2019/03/25,2019/03/29,2120.0,2004.0,2168.0,1994.0,45.1067615658363,2270.8,102.26465665126521,2475.3293133025304
477,478,2019/04/01,2019/04/05,2033.0,2146.0,2166.0,2033.0,45.686619718309856,2258.65,101.9344274521674,2462.518854904335
478,479,2019/04/08,2019/04/12,2157.0,2037.0,2189.0,2028.0,44.020356234096695,2243.45,110.80138762669537,2465.052775253391
479,480,2019/04/15,2019/04/19,2063.0,2279.0,2296.0,2062.0,50.37593984962406,2236.7,104.1163291707944,2444.9326583415886
480,481,2019/04/22,2019/04/26,2277.0,2115.0,2277.0,2084.0,41.76678445229682,2226.6,105.62357691349611,2437.8471538269923
481,482,2019/05/07,2019/05/10,2115.0,1983.0,2115.0,1961.0,36.77248677248677,2207.9,113.68152884264556,2435.263057685291
482,483,2019/05/13,2019/05/17,1990.0,2345.0,2398.0,1941.0,51.45739910313901,2219.45,115.2781310570276,2450.006262114055
483,484,2019/05/20,2019/05/24,2347.0,2263.0,2353.0,2118.0,49.9184339314845,2220.4,115.55448931132545,2451.508978622651
484,485,2019/05/27,2019/05/31,2289.0,2063.0,2308.0,2041.0,43.46949067070096,2214.65,120.28560803355171,2455.2212160671033
485,486,2019/06/03,2019/06/07,2030.0,2069.0,2119.0,1991.0,45.54039874081847,2204.65,123.6188800305247,2451.8877600610494
486,487,2019/06/10,2019/06/14,2089.0,2022.0,2127.0,2021.0,40.93630919978225,2188.35,125.12604644917579,2438.6020928983517
487,488,2019/06/17,2019/06/21,2025.0,2122.0,2163.0,1980.0,46.15384615384615,2175.3,117.52408263841635,2410.348165276833
488,489,2019/06/24,2019/06/28,2130.0,2057.0,2142.0,2023.0,46.76180021953897,2163.5,116.96046340538041,2397.4209268107606
489,490,2019/07/01,2019/07/05,2107.0,2169.0,2196.0,2084.0,50.65685759327378,2158.65,114.59680405666352,2387.8436081133273
490,491,2019/07/08,2019/07/12,2172.0,2102.0,2172.0,2093.0,52.677595628415304,2147.65,108.80132122360165,2365.2526424472035
491,492,2019/07/16,2019/07/19,2079.0,1989.0,2098.0,1955.0,45.64131038312049,2135.15,111.90499318619061,2358.9599863723815
492,493,2019/07/22,2019/07/26,1988.0,1993.0,2005.0,1943.0,48.70283018867924,2117.05,103.86889572919023,2324.7877914583805
493,494,2019/07/29,2019/08/02,1980.0,1887.0,1981.0,1866.0,37.43589743589744,2098.2,109.5438724895255,2317.287744979051
494,495,2019/08/05,2019/08/09,1863.0,1860.0,1884.0,1740.0,41.04005621925509,2082.45,119.5568797685915,2321.5637595371827
495,496,2019/08/13,2019/08/16,1870.0,1796.0,1884.0,1742.0,43.09963099630996,2065.05,133.80712798652198,2332.664255973044
496,497,2019/08/19,2019/08/23,1817.0,1726.0,1817.0,1718.0,20.88428974600188,2051.15,152.55335951725706,2356.2567190345144
497,498,2019/08/26,2019/08/30,1700.0,1679.0,1730.0,1652.0,21.595330739299612,2027.8,170.88668760322298,2369.573375206446
498,499,2019/09/02,2019/09/06,1687.0,1774.0,1798.0,1670.0,34.344528710725896,2014.65,179.57123238425896,2373.792464768518
499,500,2019/09/09,2019/09/13,1776.0,1935.0,1942.0,1764.0,43.7847866419295,1997.45,169.626494098067,2336.702988196134
500,501,2019/09/17,2019/09/20,1934.0,1932.0,1962.0,1897.0,45.64796905222437,1988.3,167.96639544861816,2324.232790897236
501,502,2019/09/24,2019/09/27,1943.0,1930.0,1963.0,1902.0,39.743589743589745,1985.65,168.44651228209378,2322.543024564188
502,503,2019/09/30,2019/10/04,1919.0,1881.0,1958.0,1854.0,40.43478260869565,1962.45,148.07750504381679,2258.6050100876337
503,504,2019/10/07,2019/10/11,1890.0,1935.0,1946.0,1872.0,36.42691415313225,1946.05,131.0692469651123,2208.1884939302245
504,505,2019/10/15,2019/10/18,1960.0,1946.0,1992.0,1938.0,40.32258064516129,1940.2,128.30066250803853,2196.801325016077
505,506,2019/10/21,2019/10/25,1947.0,2022.0,2033.0,1946.0,52.145643693107935,1937.85,126.33537707230546,2190.5207541446107
506,507,2019/10/28,2019/11/01,2038.0,1998.0,2071.0,1987.0,50.31685678073511,1936.65,125.64245898581261,2187.9349179716255
507,508,2019/11/05,2019/11/08,2018.0,2050.0,2077.0,1986.0,61.08843537414966,1933.05,121.2342670205153,2175.5185340410308
508,509,2019/11/11,2019/11/15,2059.0,2292.0,2429.0,2048.0,72.73684210526316,1944.8,142.24542171894882,2229.290843437898
509,510,2019/11/18,2019/11/22,2309.0,2311.0,2344.0,2252.0,78.45303867403315,1951.9,156.12555844576374,2264.1511168915276
510,511,2019/11/25,2019/11/29,2330.0,2277.0,2344.0,2250.0,81.70310701956272,1960.65,168.69092299232221,2298.0318459846444
511,512,2019/12/02,2019/12/06,2258.0,2283.0,2298.0,2210.0,86.47342995169082,1975.35,182.74525301632755,2340.840506032655
512,513,2019/12/09,2019/12/13,2310.0,2348.0,2386.0,2289.0,85.96491228070175,1993.1,200.02147384718862,2393.142947694377
513,514,2019/12/16,2019/12/20,2350.0,2422.0,2428.0,2327.0,84.24753867791843,2019.85,218.92447898762154,2457.698957975243
514,515,2019/12/23,2019/12/27,2429.0,2420.0,2432.0,2360.0,84.36619718309859,2047.85,232.10413072584794,2512.0582614516957
515,516,2019/12/30,2019/12/30,2420.0,2403.0,2425.0,2389.0,82.62068965517241,2078.2,236.82558983353445,2551.8511796670687
516,517,2020/01/06,2020/01/10,2376.0,2287.0,2378.0,2264.0,75.63131313131314,2106.25,226.4446676342843,2559.1393352685686
517,518,2020/01/14,2020/01/17,2288.0,2248.0,2297.0,2237.0,70.14157014157014,2134.7,205.77976090957404,2546.2595218191477
518,519,2020/01/20,2020/01/24,2260.0,2270.0,2331.0,2260.0,70.55837563451777,2159.5,190.1061545558203,2539.7123091116405
519,520,2020/01/27,2020/01/31,2239.0,2199.0,2244.0,2159.0,61.30268199233716,2172.7,183.09590383184826,2538.8918076636965
520,521,2020/02/03,2020/02/07,2149.0,2216.0,2259.0,2131.0,64.04639175257732,2186.9,174.6979965540573,2536.2959931081145
521,522,2020/02/10,2020/02/14,2200.0,2455.0,2529.0,2185.0,71.02803738317758,2213.15,173.5636122578734,2560.2772245157466
522,523,2020/02/17,2020/02/21,2441.0,2449.0,2522.0,2423.0,60.79779917469051,2241.55,163.04247146066396,2567.6349429213283
523,524,2020/02/25,2020/02/28,2351.0,2193.0,2431.0,2185.0,43.87966804979253,2254.45,147.76889896051003,2549.98779792102
524,525,2020/03/02,2020/03/06,2152.0,2070.0,2318.0,2065.0,40.17094017094017,2260.65,136.89860298776395,2534.447205975528
525,526,2020/03/09,2020/03/13,2000.0,1688.0,2029.0,1612.0,29.181245626312105,2243.95,178.9163142365766,2601.782628473153
526,527,2020/03/16,2020/03/19,1750.0,1857.0,1955.0,1720.0,33.98564905414221,2236.9,190.84886690782687,2618.597733815654
527,528,2020/03/23,2020/03/27,1857.0,2083.0,2091.0,1780.0,39.9406528189911,2238.55,189.36274052727856,2617.2754810545575
528,529,2020/03/30,2020/04/03,1905.0,1832.0,2027.0,1709.0,34.79834539813857,2215.55,208.44794913839144,2632.445898276783
529,530,2020/04/06,2020/04/10,1839.0,1934.0,1993.0,1821.0,38.385339276869736,2196.7,215.87776634012457,2628.455532680249
530,531,2020/04/13,2020/04/17,1903.0,1878.0,1911.0,1825.0,39.561000510464524,2176.75,225.74606862579344,2628.242137251587
531,532,2020/04/20,2020/04/24,1888.0,1894.0,2075.0,1867.0,40.857438016528924,2157.3,232.41323112078075,2622.1264622415615
532,533,2020/04/27,2020/05/01,1910.0,1870.0,1946.0,1852.0,39.680082559339525,2133.4,236.12166355504422,2605.6433271100886
533,534,2020/05/07,2020/05/08,1880.0,1936.0,1949.0,1861.0,43.19710294878427,2109.1,230.10169490901524,2569.30338981803
534,535,2020/05/11,2020/05/15,1956.0,1882.0,1968.0,1852.0,41.52284263959391,2082.2,223.53737942456414,2529.274758849128
535,536,2020/05/18,2020/05/22,1890.0,2024.0,2052.0,1862.0,38.494394020288304,2063.25,211.26662656463645,2485.783253129273
536,537,2020/05/25,2020/05/29,2067.0,2128.0,2147.0,2050.0,41.856925418569254,2055.3,205.61325346387952,2466.5265069277593
537,538,2020/06/01,2020/06/05,2115.0,2112.0,2162.0,2066.0,47.66031195840554,2048.5,201.3321881865927,2451.1643763731854
538,539,2020/06/08,2020/06/12,2134.0,2108.0,2272.0,2048.0,51.178660049627794,2040.4,195.43014097114494,2431.26028194229
539,540,2020/06/15,2020/06/19,2108.0,2104.0,2148.0,2052.0,66.85575364667747,2035.65,192.6523488047877,2420.9546976095753
540,541,2020/06/22,2020/06/26,2124.0,2069.0,2133.0,2018.0,59.63636363636363,2028.3,188.38845506028653,2405.076910120573
541,542,2020/06/29,2020/07/03,2072.0,2024.0,2130.0,2003.0,46.78998911860718,2006.75,161.0064827887425,2328.762965577485
542,543,2020/07/06,2020/07/10,2024.0,2000.0,2116.0,2000.0,62.138728323699425,1984.3,125.06842127412364,2234.436842548247
543,544,2020/07/13,2020/07/17,2008.0,2075.0,2136.0,2008.0,60.6015037593985,1978.4,117.6470994117648,2213.69419882353
544,545,2020/07/20,2020/07/22,2075.0,2109.0,2143.0,2074.0,67.96267496111975,1980.35,119.45847604921832,2219.2669520984364
545,546,2020/07/27,2020/07/31,2109.0,1951.0,2131.0,1937.0,53.63057324840764,1993.5,99.33302572660136,2192.1660514532027
546,547,2020/08/03,2020/08/07,1970.0,2001.0,2030.0,1948.0,58.07644882860666,2000.7,94.26775694797048,2189.235513895941
547,548,2020/08/11,2020/08/14,2044.0,2089.0,2137.0,2020.0,59.183673469387756,2001.0,94.53835200595384,2190.0767040119076
548,549,2020/08/17,2020/08/21,2150.0,2279.0,2397.0,2150.0,70.48503611971104,2023.35,104.27908467186315,2231.908169343726
549,550,2020/08/24,2020/08/28,2295.0,2243.0,2312.0,2221.0,62.6882966396292,2038.8,112.46581702900477,2263.7316340580096
550,551,2020/08/31,2020/09/04,2228.0,2234.0,2291.0,2173.0,56.901041666666664,2056.6,113.77187701713264,2284.1437540342654
551,552,2020/09/07,2020/09/11,2230.0,2306.0,2330.0,2213.0,61.771844660194176,2077.2,119.61504922041175,2316.4300984408233
552,553,2020/09/14,2020/09/18,2334.0,2302.0,2344.0,2245.0,61.771844660194176,2098.8,119.25334376864028,2337.3066875372806
553,554,2020/09/23,2020/09/25,2277.0,2258.0,2284.0,2213.0,58.91203703703704,2114.9,117.91602944469199,2350.732058889384
554,555,2020/09/28,2020/10/02,2258.0,2216.0,2327.0,2209.0,58.43857634902411,2131.6,106.88423644299212,2345.3684728859844
555,556,2020/10/05,2020/10/09,2247.0,2300.0,2360.0,2247.0,65.16483516483517,2145.4,109.87647609930632,2365.1529521986126
556,557,2020/10/12,2020/10/16,2296.0,2257.0,2341.0,2245.0,63.832077502691064,2151.85,112.42253999977684,2376.6950799995534
557,558,2020/10/19,2020/10/23,2257.0,2278.0,2304.0,2245.0,61.6,2160.15,115.26589912025767,2390.6817982405155
558,559,2020/10/26,2020/10/30,2297.0,2227.0,2316.0,2222.0,56.61434977578475,2166.1,115.49151483984186,2397.0830296796835
559,560,2020/11/02,2020/11/06,2227.0,2197.0,2255.0,2143.0,66.09947643979058,2170.75,114.76753678632913,2400.2850735726583
560,561,2020/11/09,2020/11/13,2215.0,1987.0,2289.0,1987.0,49.24242424242424,2166.65,119.68846017892206,2406.026920357844
561,562,2020/11/16,2020/11/20,2010.0,1958.0,2010.0,1927.0,42.42774566473989,2163.35,124.39343833177622,2412.1368766635524
562,563,2020/11/24,2020/11/27,1980.0,2137.0,2140.0,1963.0,41.686182669789225,2170.2,118.8585714199923,2407.9171428399845
563,564,2020/11/30,2020/12/04,2160.0,2142.0,2197.0,2126.0,43.86391251518833,2173.55,117.05873525714092,2407.667470514282
564,565,2020/12/07,2020/12/11,2146.0,2131.0,2152.0,2071.0,43.75757575757576,2174.65,116.54924924683732,2407.7484984936746
565,566,2020/12/14,2020/12/18,2140.0,2147.0,2170.0,2112.0,39.66189856957087,2184.45,104.99974999970908,2394.449499999418
566,567,2020/12/21,2020/12/25,2150.0,2102.0,2166.0,2066.0,37.65432098765432,2189.5,98.26825530150316,2386.0365106030063
567,568,2020/12/28,2020/12/30,2102.0,2102.0,2132.0,2069.0,39.81723237597911,2190.15,97.64234481003314,2385.4346896200664
568,569,2021/01/04,2021/01/08,2121.0,2222.0,2232.0,2077.0,50.355450236966824,2187.3,95.82228342093194,2378.944566841864
569,570,2021/01/12,2021/01/15,2220.0,2441.0,2650.0,2210.0,57.201225740551585,2197.2,110.21324784254111,2417.626495685082
570,571,2021/01/18,2021/01/22,2432.0,2565.0,2650.0,2432.0,64.52830188679245,2213.75,136.26880604159328,2486.2876120831866
571,572,2021/01/25,2021/01/29,2604.0,2401.0,2605.0,2391.0,55.11221945137157,2218.5,140.97606179774408,2500.452123595488
572,573,2021/02/01,2021/02/05,2363.0,2525.0,2525.0,2361.0,61.677115987460816,2229.65,155.2366821985105,2540.123364397021
573,574,2021/02/08,2021/02/12,2549.0,2621.0,2693.0,2528.0,65.7973174366617,2247.8,177.162524253865,2602.1250485077303
574,575,2021/02/15,2021/02/19,2697.0,2734.0,2885.0,2674.0,80.0,2273.7,206.11819424786657,2685.936388495733
575,576,2021/02/22,2021/02/26,2750.0,2664.0,2812.0,2625.0,77.44945567651634,2291.9,223.01477529527324,2737.9295505905466
576,577,2021/03/01,2021/03/05,2664.0,2794.0,2900.0,2639.0,76.55618431689571,2318.75,248.110837127283,2814.971674254566
577,578,2021/03/08,2021/3/12,2850.0,2878.0,2882.0,2748.0,77.96352583586626,2348.75,276.06880935737945,2900.887618714759
578,579,,2021/3/19,2890.0,2891.0,2939.0,2825.0,78.83156297420334,2381.95,298.4499078572501,2978.8498157145
579,580,,2021/3/26,2891.0,2888.0,2922.0,2763.0,78.39080459770115,2416.5,314.5991894458741,3045.6983788917482
